行政区划代码,县域名称,所属地域,所属省份,所属城市,摘帽时间,column_6
130631.0,望都县,东部,河北省,保定市,2016.0,
130924.0,海兴县,东部,河北省,沧州市,2016.0,
130927.0,南皮县,东部,河北省,沧州市,2016.0,
130131.0,平山县,东部,河北省,石家庄市,2017.0,
130321.0,青龙满族自治县,东部,河北省,秦皇岛市,2017.0,
130434.0,魏县,东部,河北省,邯郸市,2017.0,
130532.0,平乡县,东部,河北省,邢台市,2017.0,
130533.0,威县,东部,河北省,邢台市,2017.0,
130633.0,易县,东部,河北省,保定市,2017.0,
130881.0,平泉县,东部,河北省,承德市,2017.0,
130925.0,盐山县,东部,河北省,沧州市,2017.0,
131122.0,武邑县,东部,河北省,衡水市,2017.0,
131124.0,饶阳县,东部,河北省,衡水市,2017.0,
131128.0,阜城县,东部,河北省,衡水市,2017.0,
130125.0,行唐县,东部,河北省,石家庄市,2018.0,
130126.0,灵寿县,东部,河北省,石家庄市,2018.0,
130129.0,赞皇县,东部,河北省,石家庄市,2018.0,
130425.0,大名县,东部,河北省,邯郸市,2018.0,
130522.0,临城县,东部,河北省,邢台市,2018.0,
130529.0,巨鹿县,东部,河北省,邢台市,2018.0,
130530.0,新河县,东部,河北省,邢台市,2018.0,
130531.0,广宗县,东部,河北省,邢台市,2018.0,
130623.0,涞水县,东部,河北省,保定市,2018.0,
130627.0,唐县,东部,河北省,保定市,2018.0,
130634.0,曲阳县,东部,河北省,保定市,2018.0,
130636.0,顺平县,东部,河北省,保定市,2018.0,
130705.0,宣化县,东部,河北省,张家口市,2018.0,
130708.0,万全县,东部,河北省,张家口市,2018.0,
130709.0,崇礼县,东部,河北省,张家口市,2018.0,
130821.0,承德县,东部,河北省,承德市,2018.0,
130824.0,滦平县,东部,河北省,承德市,2018.0,
131123.0,武强县,东部,河北省,衡水市,2018.0,
130624.0,阜平县,东部,河北省,保定市,2019.0,
130630.0,涞源县,东部,河北省,保定市,2019.0,
130722.0,张北县,东部,河北省,张家口市,2019.0,
130723.0,康保县,东部,河北省,张家口市,2019.0,
130724.0,沽源县,东部,河北省,张家口市,2019.0,
130725.0,尚义县,东部,河北省,张家口市,2019.0,
130726.0,蔚县,东部,河北省,张家口市,2019.0,
130727.0,阳原县,东部,河北省,张家口市,2019.0,
130728.0,怀安县,东部,河北省,张家口市,2019.0,
130732.0,赤城县,东部,河北省,张家口市,2019.0,
130825.0,隆化县,东部,河北省,承德市,2019.0,
130826.0,丰宁满族自治县,东部,河北省,承德市,2019.0,
130828.0,围场满族蒙古族自治县,东部,河北省,承德市,2019.0,
140623.0,右玉县,中部,山西省,朔州市,2017.0,
141129.0,中阳县,中部,山西省,吕梁市,2017.0,
141028.0,吉县,中部,山西省,临汾市,2017.0,
140123.0,娄烦县,中部,山西省,太原市,2018.0,
140221.0,阳高县,中部,山西省,大同市,2018.0,
140224.0,灵丘县,中部,山西省,大同市,2018.0,
140215.0,大同县,中部,山西省,大同市,2018.0,
140429.0,武乡县,中部,山西省,长治市,2018.0,
140924.0,繁峙县,中部,山西省,忻州市,2018.0,
140927.0,神池县,中部,山西省,忻州市,2018.0,
140928.0,五寨县,中部,山西省,忻州市,2018.0,
140929.0,岢岚县,中部,山西省,忻州市,2018.0,
140930.0,河曲县,中部,山西省,忻州市,2018.0,
140931.0,保德县,中部,山西省,忻州市,2018.0,
141127.0,岚县,中部,山西省,吕梁市,2018.0,
141128.0,方山县,中部,山西省,吕梁市,2018.0,
140722.0,左权县,中部,山西省,晋中市,2018.0,
140723.0,和顺县,中部,山西省,晋中市,2018.0,
141031.0,隰县,中部,山西省,临汾市,2018.0,
140829.0,平陆县,中部,山西省,运城市,2018.0,
140222.0,天镇县,中部,山西省,大同市,2019.0,
140223.0,广灵县,中部,山西省,大同市,2019.0,
140225.0,浑源县,中部,山西省,大同市,2019.0,
140425.0,平顺县,中部,山西省,长治市,2019.0,
140427.0,壶关县,中部,山西省,长治市,2019.0,
140922.0,五台县,中部,山西省,忻州市,2019.0,
140926.0,静乐县,中部,山西省,忻州市,2019.0,
140923.0,代县,中部,山西省,忻州市,2019.0,
140925.0,宁武县,中部,山西省,忻州市,2019.0,
140932.0,偏关县,中部,山西省,忻州市,2019.0,
141123.0,兴县,中部,山西省,吕梁市,2019.0,
141124.0,临县,中部,山西省,吕梁市,2019.0,
141126.0,石楼县,中部,山西省,吕梁市,2019.0,
141030.0,大宁县,中部,山西省,临汾市,2019.0,
141032.0,永和县,中部,山西省,临汾市,2019.0,
141034.0,汾西县,中部,山西省,临汾市,2019.0,
150424.0,林西县,西部,内蒙古自治区,赤峰市,2017.0,
150125.0,武川县,西部,内蒙古自治区,呼和浩特市,2018.0,
150423.0,巴林右旗,西部,内蒙古自治区,赤峰市,2018.0,
150428.0,喀喇沁旗,西部,内蒙古自治区,赤峰市,2018.0,
150429.0,宁城县,西部,内蒙古自治区,赤峰市,2018.0,
152202.0,阿尔山市,西部,内蒙古自治区,兴安盟,2018.0,
152222.0,科尔沁右翼中旗,西部,内蒙古自治区,兴安盟,2018.0,
152223.0,扎赉特旗,西部,内蒙古自治区,兴安盟,2018.0,
150522.0,科尔沁左翼后旗,西部,内蒙古自治区,通辽市,2018.0,
152524.0,苏尼特右旗,西部,内蒙古自治区,锡林郭勒盟,2018.0,
150928.0,察哈尔右翼后旗,西部,内蒙古自治区,乌兰察布市,2018.0,
150421.0,阿鲁科尔沁旗,西部,内蒙古自治区,赤峰市,2019.0,
150422.0,巴林左旗,西部,内蒙古自治区,赤峰市,2019.0,
150426.0,翁牛特旗,西部,内蒙古自治区,赤峰市,2019.0,
150430.0,敖汉旗,西部,内蒙古自治区,赤峰市,2019.0,
150722.0,莫力达瓦达斡尔族自治旗,西部,内蒙古自治区,呼伦贝尔市,2019.0,
150723.0,鄂伦春自治旗,西部,内蒙古自治区,呼伦贝尔市,2019.0,
152221.0,科尔沁右翼前旗,西部,内蒙古自治区,兴安盟,2019.0,
152224.0,突泉县,西部,内蒙古自治区,兴安盟,2019.0,
150521.0,科尔沁左翼中旗,西部,内蒙古自治区,通辽市,2019.0,
150524.0,库伦旗,西部,内蒙古自治区,通辽市,2019.0,
150525.0,奈曼旗,西部,内蒙古自治区,通辽市,2019.0,
152527.0,太仆寺旗,西部,内蒙古自治区,锡林郭勒盟,2019.0,
152529.0,正镶白旗,西部,内蒙古自治区,锡林郭勒盟,2019.0,
150922.0,化德县,西部,内蒙古自治区,乌兰察布市,2019.0,
150923.0,商都县,西部,内蒙古自治区,乌兰察布市,2019.0,
150924.0,兴和县,西部,内蒙古自治区,乌兰察布市,2019.0,
150921.0,卓资县,西部,内蒙古自治区,乌兰察布市,2019.0,
150926.0,察哈尔右翼前旗,西部,内蒙古自治区,乌兰察布市,2019.0,
150927.0,察哈尔右翼中旗,西部,内蒙古自治区,乌兰察布市,2019.0,
150929.0,四子王旗,西部,内蒙古自治区,乌兰察布市,2019.0,
220821.0,镇赉县,中部,吉林省,白城市,2018.0,
222405.0,龙井市,中部,吉林省,延边朝鲜族自治州,2018.0,
222406.0,和龙市,中部,吉林省,延边朝鲜族自治州,2018.0,
220622.0,靖宇县,中部,吉林省,白山市,2019.0,
220822.0,通榆县,中部,吉林省,白城市,2019.0,
220882.0,大安市,中部,吉林省,白城市,2019.0,
222424.0,汪清县,中部,吉林省,延边朝鲜族自治州,2019.0,
222426.0,安图县,中部,吉林省,延边朝鲜族自治州,2019.0,
230225.0,甘南县,中部,黑龙江省,齐齐哈尔市,2017.0,
230227.0,富裕县,中部,黑龙江省,齐齐哈尔市,2017.0,
230883.0,抚远县,中部,黑龙江省,佳木斯市,2017.0,
230524.0,饶河县,中部,黑龙江省,双鸭山市,2017.0,
231221.0,望奎县,中部,黑龙江省,绥化市,2017.0,
230221.0,龙江县,中部,黑龙江省,齐齐哈尔市,2018.0,
230224.0,泰来县,中部,黑龙江省,齐齐哈尔市,2018.0,
230230.0,克东县,中部,黑龙江省,齐齐哈尔市,2018.0,
230822.0,桦南县,中部,黑龙江省,佳木斯市,2018.0,
230826.0,桦川县,中部,黑龙江省,佳木斯市,2018.0,
230828.0,汤原县,中部,黑龙江省,佳木斯市,2018.0,
230881.0,同江市,中部,黑龙江省,佳木斯市,2018.0,
230422.0,绥滨县,中部,黑龙江省,鹤岗市,2018.0,
231225.0,明水县,中部,黑龙江省,绥化市,2018.0,
231222.0,兰西县,中部,黑龙江省,绥化市,2018.0,
230623.0,林甸县,中部,黑龙江省,大庆市,2019.0,
230231.0,拜泉县,中部,黑龙江省,齐齐哈尔市,2019.0,
230129.0,延寿县,中部,黑龙江省,哈尔滨市,2019.0,
231223.0,青冈县,中部,黑龙江省,绥化市,2019.0,
231283.0,海伦市,中部,黑龙江省,绥化市,2019.0,
340828.0,岳西县,中部,安徽省,安庆市,2017.0,
340882.0,潜山县,中部,安徽省,安庆市,2018.0,
340826.0,宿松县,中部,安徽省,安庆市,2018.0,
341226.0,颍上县,中部,安徽省,阜阳市,2018.0,
341321.0,砀山县,中部,安徽省,宿州市,2018.0,
341323.0,灵璧县,中部,安徽省,宿州市,2018.0,
341324.0,泗县,中部,安徽省,宿州市,2018.0,
340422.0,寿县,中部,安徽省,淮南市,2018.0,
341503.0,裕安区,中部,安徽省,六安市,2018.0,
341523.0,舒城县,中部,安徽省,六安市,2018.0,
341623.0,利辛县,中部,安徽省,亳州市,2018.0,
340825.0,太湖县,中部,安徽省,安庆市,2019.0,
340827.0,望江县,中部,安徽省,安庆市,2019.0,
341221.0,临泉县,中部,安徽省,阜阳市,2019.0,
341225.0,阜南县,中部,安徽省,阜阳市,2019.0,
341203.0,颍东区,中部,安徽省,阜阳市,2019.0,
341322.0,萧县,中部,安徽省,宿州市,2019.0,
341522.0,霍邱县,中部,安徽省,六安市,2019.0,
341524.0,金寨县,中部,安徽省,六安市,2019.0,
341722.0,石台县,中部,安徽省,池州市,2019.0,
360881.0,井冈山市,中部,江西省,吉安市,2016.0,
360821.0,吉安县,中部,江西省,吉安市,2016.0,
360781.0,瑞金市,中部,江西省,赣州市,2017.0,
360828.0,万安县,中部,江西省,吉安市,2017.0,
360830.0,永新县,中部,江西省,吉安市,2017.0,
361030.0,广昌县,中部,江西省,抚州市,2017.0,
361104.0,上饶县,中部,江西省,上饶市,2017.0,
361125.0,横峰县,中部,江西省,上饶市,2017.0,
360321.0,莲花县,中部,江西省,萍乡市,2018.0,
360724.0,上犹县,中部,江西省,赣州市,2018.0,
360726.0,安远县,中部,江西省,赣州市,2018.0,
360733.0,会昌县,中部,江西省,赣州市,2018.0,
360734.0,寻乌县,中部,江西省,赣州市,2018.0,
360735.0,石城县,中部,江西省,赣州市,2018.0,
360703.0,南康市,中部,江西省,赣州市,2018.0,
360827.0,遂川县,中部,江西省,吉安市,2018.0,
361025.0,乐安县,中部,江西省,抚州市,2018.0,
361127.0,余干县,中部,江西省,上饶市,2018.0,
360424.0,修水县,中部,江西省,九江市,2019.0,
360704.0,赣县,中部,江西省,赣州市,2019.0,
360730.0,宁都县,中部,江西省,赣州市,2019.0,
360731.0,于都县,中部,江西省,赣州市,2019.0,
360732.0,兴国县,中部,江西省,赣州市,2019.0,
361128.0,鄱阳县,中部,江西省,上饶市,2019.0,
410225.0,兰考县,中部,河南省,开封市,2016.0,
410526.0,滑县,中部,河南省,安阳市,2016.0,
411523.0,新县,中部,河南省,信阳市,2017.0,
411624.0,沈丘县,中部,河南省,周口市,2017.0,
411729.0,新蔡县,中部,河南省,驻马店市,2017.0,
410328.0,洛宁县,中部,河南省,洛阳市,2018.0,
410324.0,栾川县,中部,河南省,洛阳市,2018.0,
410327.0,宜阳县,中部,河南省,洛阳市,2018.0,
410727.0,封丘县,中部,河南省,新乡市,2018.0,
411325.0,内乡县,中部,河南省,南阳市,2018.0,
411324.0,镇平县,中部,河南省,南阳市,2018.0,
411421.0,民权县,中部,河南省,商丘市,2018.0,
411423.0,宁陵县,中部,河南省,商丘市,2018.0,
411424.0,柘城县,中部,河南省,商丘市,2018.0,
411422.0,睢县,中部,河南省,商丘市,2018.0,
411425.0,虞城县,中部,河南省,商丘市,2018.0,
411522.0,光山县,中部,河南省,信阳市,2018.0,
411525.0,固始县,中部,河南省,信阳市,2018.0,
411524.0,商城县,中部,河南省,信阳市,2018.0,
411526.0,潢川县,中部,河南省,信阳市,2018.0,
411623.0,商水县,中部,河南省,周口市,2018.0,
411625.0,郸城县,中部,河南省,周口市,2018.0,
411603.0,淮阳县,中部,河南省,周口市,2018.0,
411627.0,太康县,中部,河南省,周口市,2018.0,
410325.0,嵩县,中部,河南省,洛阳市,2019.0,
410326.0,汝阳县,中部,河南省,洛阳市,2019.0,
410423.0,鲁山县,中部,河南省,平顶山市,2019.0,
410926.0,范县,中部,河南省,濮阳市,2019.0,
410927.0,台前县,中部,河南省,濮阳市,2019.0,
411224.0,卢氏县,中部,河南省,三门峡市,2019.0,
411321.0,南召县,中部,河南省,南阳市,2019.0,
411326.0,淅川县,中部,河南省,南阳市,2019.0,
411327.0,社旗县,中部,河南省,南阳市,2019.0,
411330.0,桐柏县,中部,河南省,南阳市,2019.0,
411527.0,淮滨县,中部,河南省,信阳市,2019.0,
411722.0,上蔡县,中部,河南省,驻马店市,2019.0,
411723.0,平舆县,中部,河南省,驻马店市,2019.0,
411725.0,确山县,中部,河南省,驻马店市,2019.0,
421122.0,红安县,中部,湖北省,黄冈市,2017.0,
429021.0,神农架林区,中部,湖北省,[],2017.0,
420222.0,阳新县,中部,湖北省,黄石市,2018.0,
420381.0,丹江口市,中部,湖北省,十堰市,2018.0,
420527.0,秭归县,中部,湖北省,宜昌市,2018.0,
420626.0,保康县,中部,湖北省,襄阳市,2018.0,
421121.0,团风县,中部,湖北省,黄冈市,2018.0,
421123.0,罗田县,中部,湖北省,黄冈市,2018.0,
421124.0,英山县,中部,湖北省,黄冈市,2018.0,
422825.0,宣恩县,中部,湖北省,恩施土家族苗族自治州,2018.0,
422827.0,来凤县,中部,湖北省,恩施土家族苗族自治州,2018.0,
422828.0,鹤峰县,中部,湖北省,恩施土家族苗族自治州,2018.0,
420304.0,郧县,中部,湖北省,十堰市,2019.0,
420322.0,郧西县,中部,湖北省,十堰市,2019.0,
420323.0,竹山县,中部,湖北省,十堰市,2019.0,
420324.0,竹溪县,中部,湖北省,十堰市,2019.0,
420325.0,房县,中部,湖北省,十堰市,2019.0,
420528.0,长阳土家族自治县,中部,湖北省,宜昌市,2019.0,
420529.0,五峰土家族自治县,中部,湖北省,宜昌市,2019.0,
420921.0,孝昌县,中部,湖北省,孝感市,2019.0,
420922.0,大悟县,中部,湖北省,孝感市,2019.0,
421126.0,蕲春县,中部,湖北省,黄冈市,2019.0,
421181.0,麻城市,中部,湖北省,黄冈市,2019.0,
422801.0,恩施市,中部,湖北省,恩施土家族苗族自治州,2019.0,
422802.0,利川市,中部,湖北省,恩施土家族苗族自治州,2019.0,
422822.0,建始县,中部,湖北省,恩施土家族苗族自治州,2019.0,
422823.0,巴东县,中部,湖北省,恩施土家族苗族自治州,2019.0,
422826.0,咸丰县,中部,湖北省,恩施土家族苗族自治州,2019.0,
430224.0,茶陵县,中部,湖南省,株洲市,2017.0,
430225.0,炎陵县,中部,湖南省,株洲市,2017.0,
430726.0,石门县,中部,湖南省,常德市,2017.0,
431027.0,桂东县,中部,湖南省,郴州市,2017.0,
431221.0,中方县,中部,湖南省,怀化市,2017.0,
430522.0,新邵县,中部,湖南省,邵阳市,2018.0,
430527.0,绥宁县,中部,湖南省,邵阳市,2018.0,
430581.0,武冈市,中部,湖南省,邵阳市,2018.0,
430626.0,平江县,中部,湖南省,岳阳市,2018.0,
430821.0,慈利县,中部,湖南省,张家界市,2018.0,
430923.0,安化县,中部,湖南省,益阳市,2018.0,
431022.0,宜章县,中部,湖南省,郴州市,2018.0,
431026.0,汝城县,中部,湖南省,郴州市,2018.0,
431028.0,安仁县,中部,湖南省,郴州市,2018.0,
431129.0,江华瑶族自治县,中部,湖南省,永州市,2018.0,
431223.0,辰溪县,中部,湖南省,怀化市,2018.0,
431225.0,会同县,中部,湖南省,怀化市,2018.0,
431227.0,新晃侗族自治县,中部,湖南省,怀化市,2018.0,
431228.0,芷江侗族自治县,中部,湖南省,怀化市,2018.0,
431229.0,靖州苗族侗族自治县,中部,湖南省,怀化市,2018.0,
430523.0,邵阳县,中部,湖南省,邵阳市,2019.0,
430524.0,隆回县,中部,湖南省,邵阳市,2019.0,
430525.0,洞口县,中部,湖南省,邵阳市,2019.0,
430528.0,新宁县,中部,湖南省,邵阳市,2019.0,
430529.0,城步苗族自治县,中部,湖南省,邵阳市,2019.0,
430822.0,桑植县,中部,湖南省,张家界市,2019.0,
431128.0,新田县,中部,湖南省,永州市,2019.0,
431222.0,沅陵县,中部,湖南省,怀化市,2019.0,
431224.0,溆浦县,中部,湖南省,怀化市,2019.0,
431226.0,麻阳苗族自治县,中部,湖南省,怀化市,2019.0,
431230.0,通道侗族自治县,中部,湖南省,怀化市,2019.0,
431322.0,新化县,中部,湖南省,娄底市,2019.0,
431382.0,涟源市,中部,湖南省,娄底市,2019.0,
433122.0,泸溪县,中部,湖南省,湘西土家族苗族自治州,2019.0,
433123.0,凤凰县,中部,湖南省,湘西土家族苗族自治州,2019.0,
433125.0,保靖县,中部,湖南省,湘西土家族苗族自治州,2019.0,
433126.0,古丈县,中部,湖南省,湘西土家族苗族自治州,2019.0,
433127.0,永顺县,中部,湖南省,湘西土家族苗族自治州,2019.0,
433130.0,龙山县,中部,湖南省,湘西土家族苗族自治州,2019.0,
433124.0,花垣县,中部,湖南省,湘西土家族苗族自治州,2019.0,
451423.0,龙州县,西部,广西壮族自治区,崇左市,2017.0,
450328.0,龙胜各族自治县,西部,广西壮族自治区,桂林市,2018.0,
450329.0,资源县,西部,广西壮族自治区,桂林市,2018.0,
451003.0,田阳县,西部,广西壮族自治区,百色市,2018.0,
451030.0,西林县,西部,广西壮族自治区,百色市,2018.0,
451022.0,田东县,西部,广西壮族自治区,百色市,2018.0,
451123.0,富川瑶族自治县,西部,广西壮族自治区,贺州市,2018.0,
451324.0,金秀瑶族自治县,西部,广西壮族自治区,来宾市,2018.0,
451422.0,宁明县,西部,广西壮族自治区,崇左市,2018.0,
451424.0,大新县,西部,广西壮族自治区,崇左市,2018.0,
450123.0,隆安县,西部,广西壮族自治区,南宁市,2019.0,
450124.0,马山县,西部,广西壮族自治区,南宁市,2019.0,
450125.0,上林县,西部,广西壮族自治区,南宁市,2019.0,
450224.0,融安县,西部,广西壮族自治区,柳州市,2019.0,
451024.0,德保县,西部,广西壮族自治区,百色市,2019.0,
451081.0,靖西县,西部,广西壮族自治区,百色市,2019.0,
451027.0,凌云县,西部,广西壮族自治区,百色市,2019.0,
451029.0,田林县,西部,广西壮族自治区,百色市,2019.0,
451121.0,昭平县,西部,广西壮族自治区,贺州市,2019.0,
451223.0,凤山县,西部,广西壮族自治区,河池市,2019.0,
451224.0,东兰县,西部,广西壮族自治区,河池市,2019.0,
451226.0,环江毛南族自治县,西部,广西壮族自治区,河池市,2019.0,
451227.0,巴马瑶族自治县,西部,广西壮族自治区,河池市,2019.0,
451321.0,忻城县,西部,广西壮族自治区,来宾市,2019.0,
451425.0,天等县,西部,广西壮族自治区,崇左市,2019.0,
450225.0,融水苗族自治县,西部,广西壮族自治区,柳州市,2020.0,
450226.0,三江侗族自治县,西部,广西壮族自治区,柳州市,2020.0,
451026.0,那坡县,西部,广西壮族自治区,百色市,2020.0,
451028.0,乐业县,西部,广西壮族自治区,百色市,2020.0,
451031.0,隆林各族自治县,西部,广西壮族自治区,百色市,2020.0,
451225.0,罗城仫佬族自治县,西部,广西壮族自治区,河池市,2020.0,
451228.0,都安瑶族自治县,西部,广西壮族自治区,河池市,2020.0,
451229.0,大化瑶族自治县,西部,广西壮族自治区,河池市,2020.0,
469029.0,保亭黎族苗族自治县,东部,海南省,[],2018.0,
469030.0,琼中黎族苗族自治县,东部,海南省,[],2018.0,
469001.0,五指山市,东部,海南省,[],2019.0,
469024.0,临高县,东部,海南省,[],2019.0,
469025.0,白沙黎族自治县,东部,海南省,[],2019.0,
500101.0,万州区,西部,重庆市,重庆市,2016.0,
500114.0,黔江区,西部,重庆市,重庆市,2016.0,
500230.0,丰都县,西部,重庆市,重庆市,2016.0,
500156.0,武隆县,西部,重庆市,重庆市,2016.0,
500241.0,秀山土家族苗族自治县,西部,重庆市,重庆市,2016.0,
500154.0,开州区,西部,重庆市,重庆市,2017.0,
500235.0,云阳县,西部,重庆市,重庆市,2017.0,
500237.0,巫山县,西部,重庆市,重庆市,2017.0,
500236.0,奉节县,西部,重庆市,重庆市,2018.0,
500240.0,石柱土家族自治县,西部,重庆市,重庆市,2018.0,
500229.0,城口县,西部,重庆市,重庆市,2019.0,
500238.0,巫溪县,西部,重庆市,重庆市,2019.0,
500242.0,酉阳土家族苗族自治县,西部,重庆市,重庆市,2019.0,
500243.0,彭水苗族土家族自治县,西部,重庆市,重庆市,2019.0,
511321.0,南部县,西部,四川省,南充市,2016.0,
511602.0,广安区,西部,四川省,广安市,2016.0,
510726.0,北川羌族自治县,西部,四川省,绵阳市,2017.0,
511129.0,沐川县,西部,四川省,乐山市,2017.0,
511324.0,仪陇县,西部,四川省,南充市,2017.0,
511304.0,嘉陵区,西部,四川省,南充市,2017.0,
511902.0,巴州区,西部,四川省,巴中市,2017.0,
513221.0,汶川县,西部,四川省,阿坝藏族羌族自治州,2017.0,
513222.0,理县,西部,四川省,阿坝藏族羌族自治州,2017.0,
513223.0,茂县,西部,四川省,阿坝藏族羌族自治州,2017.0,
513201.0,马尔康县,西部,四川省,阿坝藏族羌族自治州,2017.0,
513322.0,泸定县,西部,四川省,甘孜藏族自治州,2017.0,
510727.0,平武县,西部,四川省,绵阳市,2018.0,
510811.0,昭化区,西部,四川省,广元市,2018.0,
510812.0,朝天区,西部,四川省,广元市,2018.0,
510822.0,青川县,西部,四川省,广元市,2018.0,
511381.0,阆中市,西部,四川省,南充市,2018.0,
511922.0,南江县,西部,四川省,巴中市,2018.0,
513224.0,松潘县,西部,四川省,阿坝藏族羌族自治州,2018.0,
513225.0,九寨沟县,西部,四川省,阿坝藏族羌族自治州,2018.0,
513226.0,金川县,西部,四川省,阿坝藏族羌族自治州,2018.0,
513227.0,小金县,西部,四川省,阿坝藏族羌族自治州,2018.0,
513232.0,若尔盖县,西部,四川省,阿坝藏族羌族自治州,2018.0,
513233.0,红原县,西部,四川省,阿坝藏族羌族自治州,2018.0,
513301.0,康定县,西部,四川省,甘孜藏族自治州,2018.0,
513323.0,丹巴县,西部,四川省,甘孜藏族自治州,2018.0,
513324.0,九龙县,西部,四川省,甘孜藏族自治州,2018.0,
513336.0,乡城县,西部,四川省,甘孜藏族自治州,2018.0,
513337.0,稻城县,西部,四川省,甘孜藏族自治州,2018.0,
510524.0,叙永县,西部,四川省,泸州市,2019.0,
510525.0,古蔺县,西部,四川省,泸州市,2019.0,
510821.0,旺苍县,西部,四川省,广元市,2019.0,
510823.0,剑阁县,西部,四川省,广元市,2019.0,
510824.0,苍溪县,西部,四川省,广元市,2019.0,
511133.0,马边彝族自治县,西部,四川省,乐山市,2019.0,
511529.0,屏山县,西部,四川省,宜宾市,2019.0,
511722.0,宣汉县,西部,四川省,达州市,2019.0,
511781.0,万源市,西部,四川省,达州市,2019.0,
511921.0,通江县,西部,四川省,巴中市,2019.0,
511923.0,平昌县,西部,四川省,巴中市,2019.0,
513228.0,黑水县,西部,四川省,阿坝藏族羌族自治州,2019.0,
513230.0,壤塘县,西部,四川省,阿坝藏族羌族自治州,2019.0,
513231.0,阿坝县,西部,四川省,阿坝藏族羌族自治州,2019.0,
513325.0,雅江县,西部,四川省,甘孜藏族自治州,2019.0,
513326.0,道孚县,西部,四川省,甘孜藏族自治州,2019.0,
513327.0,炉霍县,西部,四川省,甘孜藏族自治州,2019.0,
513328.0,甘孜县,西部,四川省,甘孜藏族自治州,2019.0,
513329.0,新龙县,西部,四川省,甘孜藏族自治州,2019.0,
513330.0,德格县,西部,四川省,甘孜藏族自治州,2019.0,
513331.0,白玉县,西部,四川省,甘孜藏族自治州,2019.0,
513332.0,石渠县,西部,四川省,甘孜藏族自治州,2019.0,
513333.0,色达县,西部,四川省,甘孜藏族自治州,2019.0,
513334.0,理塘县,西部,四川省,甘孜藏族自治州,2019.0,
513335.0,巴塘县,西部,四川省,甘孜藏族自治州,2019.0,
513338.0,得荣县,西部,四川省,甘孜藏族自治州,2019.0,
513422.0,木里藏族自治县,西部,四川省,凉山彝族自治州,2019.0,
513423.0,盐源县,西部,四川省,凉山彝族自治州,2019.0,
513435.0,甘洛县,西部,四川省,凉山彝族自治州,2019.0,
513437.0,雷波县,西部,四川省,凉山彝族自治州,2019.0,
513428.0,普格县,西部,四川省,凉山彝族自治州,2020.0,
513429.0,布拖县,西部,四川省,凉山彝族自治州,2020.0,
513430.0,金阳县,西部,四川省,凉山彝族自治州,2020.0,
513431.0,昭觉县,西部,四川省,凉山彝族自治州,2020.0,
513432.0,喜德县,西部,四川省,凉山彝族自治州,2020.0,
513434.0,越西县,西部,四川省,凉山彝族自治州,2020.0,
513436.0,美姑县,西部,四川省,凉山彝族自治州,2020.0,
520381.0,赤水市,西部,贵州省,遵义市,2016.0,
520322.0,桐梓县,西部,贵州省,遵义市,2017.0,
520330.0,习水县,西部,贵州省,遵义市,2017.0,
520328.0,湄潭,西部,贵州省,遵义市,2017.0,
520327.0,凤冈县,西部,贵州省,遵义市,2017.0,
520402.0,西秀区,西部,贵州省,安顺市,2017.0,
520403.0,平坝县,西部,贵州省,安顺市,2017.0,
520581.0,黔西县,西部,贵州省,毕节市,2017.0,
520602.0,碧江区,西部,贵州省,铜仁市,2017.0,
520621.0,江口县,西部,贵州省,铜仁市,2017.0,
520622.0,玉屏侗族自治县,西部,贵州省,铜仁市,2017.0,
520603.0,万山特区,西部,贵州省,铜仁市,2017.0,
522302.0,兴仁县,西部,贵州省,黔西南布依族苗族自治州,2017.0,
522730.0,龙里县,西部,贵州省,黔南布依族苗族自治州,2017.0,
522725.0,瓮安县,西部,贵州省,黔南布依族苗族自治州,2017.0,
520325.0,道真仡佬族苗族自治县,西部,贵州省,遵义市,2018.0,
520326.0,务川仡佬族苗族自治县,西部,贵州省,遵义市,2018.0,
520203.0,六枝特区,西部,贵州省,六盘水市,2018.0,
520281.0,盘州市,西部,贵州省,六盘水市,2018.0,
520422.0,普定县,西部,贵州省,安顺市,2018.0,
520423.0,镇宁布依族苗族自治县,西部,贵州省,安顺市,2018.0,
520521.0,大方县,西部,贵州省,毕节市,2018.0,
520623.0,石阡县,西部,贵州省,铜仁市,2018.0,
520625.0,印江土家族苗族自治县,西部,贵州省,铜仁市,2018.0,
522328.0,安龙县,西部,贵州省,黔西南布依族苗族自治州,2018.0,
522623.0,施秉县,西部,贵州省,黔东南苗族侗族自治州,2018.0,
522624.0,三穗县,西部,贵州省,黔东南苗族侗族自治州,2018.0,
522625.0,镇远县,西部,贵州省,黔东南苗族侗族自治州,2018.0,
522634.0,雷山县,西部,贵州省,黔东南苗族侗族自治州,2018.0,
522635.0,麻江县,西部,贵州省,黔东南苗族侗族自治州,2018.0,
522636.0,丹寨县,西部,贵州省,黔东南苗族侗族自治州,2018.0,
522723.0,贵定县,西部,贵州省,黔南布依族苗族自治州,2018.0,
522731.0,惠水县,西部,贵州省,黔南布依族苗族自治州,2018.0,
520324.0,正安县,西部,贵州省,遵义市,2019.0,
520204.0,水城县,西部,贵州省,六盘水市,2019.0,
520424.0,关岭布依族苗族自治县,西部,贵州省,安顺市,2019.0,
520502.0,七星关区,西部,贵州省,毕节市,2019.0,
520524.0,织金县,西部,贵州省,毕节市,2019.0,
520624.0,思南县,西部,贵州省,铜仁市,2019.0,
520626.0,德江县,西部,贵州省,铜仁市,2019.0,
520628.0,松桃苗族自治县,西部,贵州省,铜仁市,2019.0,
522323.0,普安县,西部,贵州省,黔西南布依族苗族自治州,2019.0,
522325.0,贞丰县,西部,贵州省,黔西南布依族苗族自治州,2019.0,
522327.0,册亨县,西部,贵州省,黔西南布依族苗族自治州,2019.0,
522622.0,黄平县,西部,贵州省,黔东南苗族侗族自治州,2019.0,
522626.0,岑巩县,西部,贵州省,黔东南苗族侗族自治州,2019.0,来自“马 克 数 据 网”
522627.0,天柱县,西部,贵州省,黔东南苗族侗族自治州,2019.0,
522628.0,锦屏县,西部,贵州省,黔东南苗族侗族自治州,2019.0,
522629.0,剑河县,西部,贵州省,黔东南苗族侗族自治州,2019.0,
522630.0,台江县,西部,贵州省,黔东南苗族侗族自治州,2019.0,
522631.0,黎平县,西部,贵州省,黔东南苗族侗族自治州,2019.0,
522722.0,荔波县,西部,贵州省,黔南布依族苗族自治州,2019.0,
522726.0,独山县,西部,贵州省,黔南布依族苗族自治州,2019.0,
522727.0,平塘县,西部,贵州省,黔南布依族苗族自治州,2019.0,
522728.0,罗甸县,西部,贵州省,黔南布依族苗族自治州,2019.0,
522729.0,长顺县,西部,贵州省,黔南布依族苗族自治州,2019.0,
522732.0,三都水族自治县,西部,贵州省,黔南布依族苗族自治州,2019.0,
520425.0,紫云苗族布依族自治县,西部,贵州省,安顺市,2020.0,
520525.0,纳雍县,西部,贵州省,毕节市,2020.0,
520526.0,威宁彝族回族苗族自治县,西部,贵州省,毕节市,2020.0,
520527.0,赫章县,西部,贵州省,毕节市,2020.0,
520627.0,沿河土家族自治县,西部,贵州省,铜仁市,2020.0,
522324.0,晴隆县,西部,贵州省,黔西南布依族苗族自治州,2020.0,
522326.0,望谟县,西部,贵州省,黔西南布依族苗族自治州,2020.0,
522632.0,榕江县,西部,贵州省,黔东南苗族侗族自治州,2020.0,
522633.0,从江县,西部,贵州省,黔东南苗族侗族自治州,2020.0,
530129.0,寻甸回族彝族自治县,西部,云南省,昆明市,2017.0,
530324.0,罗平县,西部,云南省,曲靖市,2017.0,
530922.0,云县,西部,云南省,临沧市,2017.0,
530721.0,玉龙纳西族自治县,西部,云南省,丽江市,2017.0,
530821.0,宁洱哈尼族彝族自治县,西部,云南省,普洱市,2017.0,
532525.0,石屏县,西部,云南省,红河哈尼族彝族自治州,2017.0,
532822.0,勐海县,西部,云南省,西双版纳傣族自治州,2017.0,
532323.0,牟定县,西部,云南省,楚雄彝族自治州,2017.0,
532325.0,姚安县,西部,云南省,楚雄彝族自治州,2017.0,
532923.0,祥云县,西部,云南省,大理白族自治州,2017.0,
532924.0,宾川县,西部,云南省,大理白族自治州,2017.0,
532927.0,巍山彝族回族自治县,西部,云南省,大理白族自治州,2017.0,
532930.0,洱源县,西部,云南省,大理白族自治州,2017.0,
532932.0,鹤庆县,西部,云南省,大理白族自治州,2017.0,
533103.0,芒市,西部,云南省,德宏傣族景颇族自治州,2017.0,
530113.0,东川区,西部,云南省,昆明市,2018.0,
530128.0,禄劝彝族苗族自治县,西部,云南省,昆明市,2018.0,
530325.0,富源县,西部,云南省,曲靖市,2018.0,
530323.0,师宗县,西部,云南省,曲靖市,2018.0,
530523.0,龙陵县,西部,云南省,保山市,2018.0,
530524.0,昌宁县,西部,云南省,保山市,2018.0,
530626.0,绥江县,西部,云南省,昭通市,2018.0,
530629.0,威信县,西部,云南省,昭通市,2018.0,
530902.0,临翔区,西部,云南省,临沧市,2018.0,
530921.0,凤庆县,西部,云南省,临沧市,2018.0,
530924.0,镇康县,西部,云南省,临沧市,2018.0,
530925.0,双江拉祜族佤族布朗族傣族自治县,西部,云南省,临沧市,2018.0,
530926.0,耿马傣族佤族自治县,西部,云南省,临沧市,2018.0,
530927.0,沧源佤族自治县,西部,云南省,临沧市,2018.0,
530824.0,景谷傣族彝族自治县,西部,云南省,普洱市,2018.0,
530825.0,镇沅彝族哈尼族拉祜族自治县,西部,云南省,普洱市,2018.0,
530827.0,孟连傣族拉祜族佤族自治县,西部,云南省,普洱市,2018.0,
530829.0,西盟佤族自治县,西部,云南省,普洱市,2018.0,
532622.0,砚山县,西部,云南省,文山壮族苗族自治州,2018.0,
532623.0,西畴县,西部,云南省,文山壮族苗族自治州,2018.0,
532527.0,泸西县,西部,云南省,红河哈尼族彝族自治州,2018.0,
532823.0,勐腊县,西部,云南省,西双版纳傣族自治州,2018.0,
532324.0,南华县,西部,云南省,楚雄彝族自治州,2018.0,
532326.0,大姚县,西部,云南省,楚雄彝族自治州,2018.0,
532327.0,永仁县,西部,云南省,楚雄彝族自治州,2018.0,
532922.0,漾濞彝族自治县,西部,云南省,大理白族自治州,2018.0,
532926.0,南涧彝族自治县,西部,云南省,大理白族自治州,2018.0,
532928.0,永平县,西部,云南省,大理白族自治州,2018.0,
533123.0,盈江县,西部,云南省,德宏傣族景颇族自治州,2018.0,
533124.0,陇川县,西部,云南省,德宏傣族景颇族自治州,2018.0,
533401.0,香格里拉县,西部,云南省,迪庆藏族自治州,2018.0,
533422.0,德钦县,西部,云南省,迪庆藏族自治州,2018.0,
530381.0,宣威市,西部,云南省,曲靖市,2019.0,
530502.0,隆阳区,西部,云南省,保山市,2019.0,
530521.0,施甸县,西部,云南省,保山市,2019.0,
530602.0,昭阳区,西部,云南省,昭通市,2019.0,
530621.0,鲁甸县,西部,云南省,昭通市,2019.0,
530622.0,巧家县,西部,云南省,昭通市,2019.0,
530623.0,盐津县,西部,云南省,昭通市,2019.0,
530624.0,大关县,西部,云南省,昭通市,2019.0,
530625.0,永善县,西部,云南省,昭通市,2019.0,
530628.0,彝良县,西部,云南省,昭通市,2019.0,
530923.0,永德县,西部,云南省,临沧市,2019.0,
530722.0,永胜县,西部,云南省,丽江市,2019.0,
530822.0,墨江哈尼族自治县,西部,云南省,普洱市,2019.0,
530823.0,景东彝族自治县,西部,云南省,普洱市,2019.0,
530826.0,江城哈尼族彝族自治县,西部,云南省,普洱市,2019.0,
532624.0,麻栗坡县,西部,云南省,文山壮族苗族自治州,2019.0,
532625.0,马关县,西部,云南省,文山壮族苗族自治州,2019.0,
532626.0,丘北县,西部,云南省,文山壮族苗族自治州,2019.0,
532628.0,富宁县,西部,云南省,文山壮族苗族自治州,2019.0,
532600.0,文山市,西部,云南省,文山壮族苗族自治州,2019.0,
532528.0,元阳县,西部,云南省,红河哈尼族彝族自治州,2019.0,
532529.0,红河县,西部,云南省,红河哈尼族彝族自治州,2019.0,
532530.0,金平苗族瑶族傣族自治县,西部,云南省,红河哈尼族彝族自治州,2019.0,
532531.0,绿春县,西部,云南省,红河哈尼族彝族自治州,2019.0,
532329.0,武定县,西部,云南省,楚雄彝族自治州,2019.0,
532322.0,双柏县,西部,云南省,楚雄彝族自治州,2019.0,
532925.0,弥渡县,西部,云南省,大理白族自治州,2019.0,
532929.0,云龙县,西部,云南省,大理白族自治州,2019.0,
532931.0,剑川县,西部,云南省,大理白族自治州,2019.0,
533122.0,梁河县,西部,云南省,德宏傣族景颇族自治州,2019.0,
533324.0,贡山独龙族怒族自治县,西部,云南省,怒江傈僳族自治州,2019.0,
533423.0,维西傈僳族自治县,西部,云南省,迪庆藏族自治州,2019.0,
530326.0,会泽县,西部,云南省,曲靖市,2020.0,
530627.0,镇雄县,西部,云南省,昭通市,2020.0,
530724.0,宁蒗彝族自治县,西部,云南省,丽江市,2020.0,
530828.0,澜沧拉祜族自治县,西部,云南省,普洱市,2020.0,
532627.0,广南县,西部,云南省,文山壮族苗族自治州,2020.0,
532523.0,屏边苗族自治县,西部,云南省,红河哈尼族彝族自治州,2020.0,
533301.0,泸水县,西部,云南省,怒江傈僳族自治州,2020.0,
533323.0,福贡县,西部,云南省,怒江傈僳族自治州,2020.0,
533325.0,兰坪白族普米族自治县,西部,云南省,怒江傈僳族自治州,2020.0,
540102.0,城关区,西部,西藏自治区,拉萨市,2016.0,
540402.0,巴宜区,西部,西藏自治区,林芝市,2016.0,
540502.0,乃东县,西部,西藏自治区,山南市,2016.0,
540302.0,卡若区,西部,西藏自治区,昌都市,2016.0,
540233.0,亚东县,西部,西藏自治区,日喀则市,2016.0,
540121.0,林周县,西部,西藏自治区,拉萨市,2017.0,
540122.0,当雄县,西部,西藏自治区,拉萨市,2017.0,
540123.0,尼木县,西部,西藏自治区,拉萨市,2017.0,
540124.0,曲水县,西部,西藏自治区,拉萨市,2017.0,
540103.0,堆龙德庆县,西部,西藏自治区,拉萨市,2017.0,
540104.0,达孜县,西部,西藏自治区,拉萨市,2017.0,
540127.0,墨竹工卡县,西部,西藏自治区,拉萨市,2017.0,
540323.0,类乌齐县,西部,西藏自治区,昌都市,2017.0,
540324.0,丁青县,西部,西藏自治区,昌都市,2017.0,
540523.0,桑日县,西部,西藏自治区,山南市,2017.0,
540524.0,琼结县,西部,西藏自治区,山南市,2017.0,
540525.0,曲松县,西部,西藏自治区,山南市,2017.0,
540527.0,洛扎县,西部,西藏自治区,山南市,2017.0,
540528.0,加查县,西部,西藏自治区,山南市,2017.0,
540530.0,错那县,西部,西藏自治区,山南市,2017.0,
540228.0,白朗县,西部,西藏自治区,日喀则市,2017.0,
540230.0,康马县,西部,西藏自治区,日喀则市,2017.0,
540231.0,定结县,西部,西藏自治区,日喀则市,2017.0,
540234.0,吉隆县,西部,西藏自治区,日喀则市,2017.0,
540235.0,聂拉木县,西部,西藏自治区,日喀则市,2017.0,
540622.0,比如县,西部,西藏自治区,那曲市,2017.0,
542523.0,噶尔县,西部,西藏自治区,阿里地区,2017.0,
540421.0,工布江达县,西部,西藏自治区,林芝市,2017.0,
540422.0,米林县,西部,西藏自治区,林芝市,2017.0,
540424.0,波密县,西部,西藏自治区,林芝市,2017.0,
540321.0,江达县,西部,西藏自治区,昌都市,2018.0,
540329.0,洛隆县,西部,西藏自治区,昌都市,2018.0,
540330.0,边坝县,西部,西藏自治区,昌都市,2018.0,
540521.0,扎囊县,西部,西藏自治区,山南市,2018.0,
540522.0,贡嘎县,西部,西藏自治区,山南市,2018.0,
540526.0,措美县,西部,西藏自治区,山南市,2018.0,
540529.0,隆子县,西部,西藏自治区,山南市,2018.0,
540531.0,浪卡子县,西部,西藏自治区,山南市,2018.0,
540223.0,定日县,西部,西藏自治区,日喀则市,2018.0,
540226.0,昂仁县,西部,西藏自治区,日喀则市,2018.0,
540229.0,仁布县,西部,西藏自治区,日喀则市,2018.0,
540232.0,仲巴县,西部,西藏自治区,日喀则市,2018.0,
540237.0,岗巴县,西部,西藏自治区,日喀则市,2018.0,
540621.0,嘉黎县,西部,西藏自治区,那曲市,2018.0,
540623.0,聂荣县,西部,西藏自治区,那曲市,2018.0,
540624.0,安多县,西部,西藏自治区,那曲市,2018.0,
540626.0,索县,西部,西藏自治区,那曲市,2018.0,
540627.0,班戈县,西部,西藏自治区,那曲市,2018.0,
542521.0,普兰县,西部,西藏自治区,阿里地区,2018.0,
542522.0,札达县,西部,西藏自治区,阿里地区,2018.0,
542524.0,日土县,西部,西藏自治区,阿里地区,2018.0,
540202.0,桑珠孜区,西部,西藏自治区,日喀则市,2018.0,
540423.0,墨脱县,西部,西藏自治区,林芝市,2018.0,
540425.0,察隅县,西部,西藏自治区,林芝市,2018.0,
540426.0,朗县,西部,西藏自治区,林芝市,2018.0,
540322.0,贡觉县,西部,西藏自治区,昌都市,2019.0,
540325.0,察雅县,西部,西藏自治区,昌都市,2019.0,
540326.0,八宿县,西部,西藏自治区,昌都市,2019.0,
540327.0,左贡县,西部,西藏自治区,昌都市,2019.0,
540328.0,芒康县,西部,西藏自治区,昌都市,2019.0,
540221.0,南木林县,西部,西藏自治区,日喀则市,2019.0,
540222.0,江孜县,西部,西藏自治区,日喀则市,2019.0,
540224.0,萨迦县,西部,西藏自治区,日喀则市,2019.0,
540225.0,拉孜县,西部,西藏自治区,日喀则市,2019.0,
540227.0,谢通门县,西部,西藏自治区,日喀则市,2019.0,
540236.0,萨嘎县,西部,西藏自治区,日喀则市,2019.0,
540602.0,那曲县,西部,西藏自治区,那曲市,2019.0,
540625.0,申扎县,西部,西藏自治区,那曲市,2019.0,
540628.0,巴青县,西部,西藏自治区,那曲市,2019.0,
540629.0,尼玛县,西部,西藏自治区,那曲市,2019.0,
540630.0,双湖县,西部,西藏自治区,那曲市,2019.0,
542525.0,革吉县,西部,西藏自治区,阿里地区,2019.0,
542526.0,改则县,西部,西藏自治区,阿里地区,2019.0,
542527.0,措勤县,西部,西藏自治区,阿里地区,2019.0,
610621.0,延长县,西部,陕西省,延安市,2017.0,
610730.0,佛坪县,西部,陕西省,汉中市,2017.0,
610803.0,横山县,西部,陕西省,榆林市,2017.0,
610825.0,定边县,西部,陕西省,榆林市,2017.0,
610124.0,周至县,西部,陕西省,西安市,2018.0,
610222.0,宜君县,西部,陕西省,铜川市,2018.0,
610324.0,扶风县,西部,陕西省,宝鸡市,2018.0,
610327.0,陇县,西部,陕西省,宝鸡市,2018.0,
610328.0,千阳县,西部,陕西省,宝鸡市,2018.0,
610329.0,麟游县,西部,陕西省,宝鸡市,2018.0,
610331.0,太白县,西部,陕西省,宝鸡市,2018.0,
610426.0,永寿县,西部,陕西省,咸阳市,2018.0,
610428.0,长武县,西部,陕西省,咸阳市,2018.0,
610430.0,淳化县,西部,陕西省,咸阳市,2018.0,
610429.0,旬邑县,西部,陕西省,咸阳市,2018.0,
610524.0,合阳县,西部,陕西省,渭南市,2018.0,
610525.0,澄城县,西部,陕西省,渭南市,2018.0,
610526.0,蒲城县,西部,陕西省,渭南市,2018.0,
610528.0,富平县,西部,陕西省,渭南市,2018.0,
610622.0,延川县,西部,陕西省,延安市,2018.0,
610630.0,宜川县,西部,陕西省,延安市,2018.0,
610729.0,留坝县,西部,陕西省,汉中市,2018.0,
610826.0,绥德县,西部,陕西省,榆林市,2018.0,
610827.0,米脂县,西部,陕西省,榆林市,2018.0,
610829.0,吴堡县,西部,陕西省,榆林市,2018.0,
610927.0,镇坪县,西部,陕西省,安康市,2018.0,
611025.0,镇安县,西部,陕西省,商洛市,2018.0,
610203.0,印台区,西部,陕西省,铜川市,2019.0,
610204.0,耀州区,西部,陕西省,铜川市,2019.0,
610527.0,白水县,西部,陕西省,渭南市,2019.0,
610703.0,南郑县,西部,陕西省,汉中市,2019.0,
610722.0,城固县,西部,陕西省,汉中市,2019.0,
610723.0,洋县,西部,陕西省,汉中市,2019.0,
610724.0,西乡县,西部,陕西省,汉中市,2019.0,
610725.0,勉县,西部,陕西省,汉中市,2019.0,
610726.0,宁强县,西部,陕西省,汉中市,2019.0,
610727.0,略阳县,西部,陕西省,汉中市,2019.0,
610728.0,镇巴县,西部,陕西省,汉中市,2019.0,
610828.0,佳县,西部,陕西省,榆林市,2019.0,
610830.0,清涧县,西部,陕西省,榆林市,2019.0,
610831.0,子洲县,西部,陕西省,榆林市,2019.0,
610902.0,汉滨区,西部,陕西省,安康市,2019.0,
610921.0,汉阴县,西部,陕西省,安康市,2019.0,
610922.0,石泉县,西部,陕西省,安康市,2019.0,
610923.0,宁陕县,西部,陕西省,安康市,2019.0,
610924.0,紫阳县,西部,陕西省,安康市,2019.0,
610925.0,岚皋县,西部,陕西省,安康市,2019.0,
610926.0,平利县,西部,陕西省,安康市,2019.0,
610981.0,旬阳县,西部,陕西省,安康市,2019.0,
610929.0,白河县,西部,陕西省,安康市,2019.0,
611002.0,商州区,西部,陕西省,商洛市,2019.0,
611021.0,洛南县,西部,陕西省,商洛市,2019.0,
611022.0,丹凤县,西部,陕西省,商洛市,2019.0,
611023.0,商南县,西部,陕西省,商洛市,2019.0,
611024.0,山阳县,西部,陕西省,商洛市,2019.0,
611026.0,柞水县,西部,陕西省,商洛市,2019.0,
620122.0,皋兰县,西部,甘肃省,兰州市,2017.0,
620802.0,崆峒区,西部,甘肃省,平凉市,2017.0,
621025.0,正宁县,西部,甘肃省,庆阳市,2017.0,
622900.0,临夏市,西部,甘肃省,临夏回族自治州,2017.0,
621228.0,两当县,西部,甘肃省,陇南市,2017.0,
623001.0,合作市,西部,甘肃省,甘南藏族自治州,2017.0,
620121.0,永登县,西部,甘肃省,兰州市,2018.0,
620123.0,榆中县,西部,甘肃省,兰州市,2018.0,
620423.0,景泰县,西部,甘肃省,白银市,2018.0,
620523.0,甘谷县,西部,甘肃省,天水市,2018.0,
620524.0,武山县,西部,甘肃省,天水市,2018.0,
620821.0,泾川县,西部,甘肃省,平凉市,2018.0,
620822.0,灵台县,西部,甘肃省,平凉市,2018.0,
621221.0,成县,西部,甘肃省,陇南市,2018.0,
621227.0,徽县,西部,甘肃省,陇南市,2018.0,
623022.0,卓尼县,西部,甘肃省,甘南藏族自治州,2018.0,
623024.0,迭部县,西部,甘肃省,甘南藏族自治州,2018.0,
623025.0,玛曲县,西部,甘肃省,甘南藏族自治州,2018.0,
623026.0,碌曲县,西部,甘肃省,甘南藏族自治州,2018.0,
623027.0,夏河县,西部,甘肃省,甘南藏族自治州,2018.0,
620421.0,靖远县,西部,甘肃省,白银市,2019.0,
620422.0,会宁县,西部,甘肃省,白银市,2019.0,
620521.0,清水县,西部,甘肃省,天水市,2019.0,
620522.0,秦安县,西部,甘肃省,天水市,2019.0,
620525.0,张家川回族自治县,西部,甘肃省,天水市,2019.0,
620503.0,麦积区,西部,甘肃省,天水市,2019.0,
620622.0,古浪县,西部,甘肃省,武威市,2019.0,
620623.0,天祝藏族自治县,西部,甘肃省,武威市,2019.0,
620825.0,庄浪县,西部,甘肃省,平凉市,2019.0,
620826.0,静宁县,西部,甘肃省,平凉市,2019.0,
621021.0,庆城县,西部,甘肃省,庆阳市,2019.0,
621022.0,环县,西部,甘肃省,庆阳市,2019.0,
621023.0,华池县,西部,甘肃省,庆阳市,2019.0,
621024.0,合水县,西部,甘肃省,庆阳市,2019.0,
621026.0,宁县,西部,甘肃省,庆阳市,2019.0,
621102.0,安定区,西部,甘肃省,定西市,2019.0,
621122.0,陇西县,西部,甘肃省,定西市,2019.0,
621123.0,渭源县,西部,甘肃省,定西市,2019.0,
621124.0,临洮县,西部,甘肃省,定西市,2019.0,
621125.0,漳县,西部,甘肃省,定西市,2019.0,
622922.0,康乐县,西部,甘肃省,临夏回族自治州,2019.0,
622923.0,永靖县,西部,甘肃省,临夏回族自治州,2019.0,
622924.0,广河县,西部,甘肃省,临夏回族自治州,2019.0,
622925.0,和政县,西部,甘肃省,临夏回族自治州,2019.0,
622927.0,积石山自治县,西部,甘肃省,临夏回族自治州,2019.0,
621202.0,武都区,西部,甘肃省,陇南市,2019.0,
621222.0,文县,西部,甘肃省,陇南市,2019.0,
621224.0,康县,西部,甘肃省,陇南市,2019.0,
623021.0,临潭县,西部,甘肃省,甘南藏族自治州,2019.0,
623023.0,舟曲县,西部,甘肃省,甘南藏族自治州,2019.0,
621027.0,镇原县,西部,甘肃省,庆阳市,2020.0,
621121.0,通渭县,西部,甘肃省,定西市,2020.0,
621126.0,岷县,西部,甘肃省,定西市,2020.0,
622921.0,临夏县,西部,甘肃省,临夏回族自治州,2020.0,
622926.0,东乡族自治县,西部,甘肃省,临夏回族自治州,2020.0,
621223.0,宕昌县,西部,甘肃省,陇南市,2020.0,
621225.0,西和县,西部,甘肃省,陇南市,2020.0,
621226.0,礼县,西部,甘肃省,陇南市,2020.0,
632324.0,河南蒙古族自治县,西部,青海省,黄南藏族自治州,2016.0,
632522.0,同德县,西部,青海省,海南藏族自治州,2016.0,
632822.0,都兰县,西部,青海省,海西蒙古族藏族自治州,2016.0,
630225.0,循化撒拉族自治县,西部,青海省,海东市,2017.0,
630203.0,平安县,西部,青海省,海东市,2017.0,
632224.0,刚察县,西部,青海省,海北藏族自治州,2017.0,
632801.0,格尔木市,西部,青海省,海西蒙古族藏族自治州,2017.0,
632802.0,德令哈市,西部,青海省,海西蒙古族藏族自治州,2017.0,
632821.0,乌兰县,西部,青海省,海西蒙古族藏族自治州,2017.0,
632823.0,天峻县,西部,青海省,海西蒙古族藏族自治州,2017.0,
630106.0,湟中县,西部,青海省,西宁市,2018.0,
630123.0,湟源县,西部,青海省,西宁市,2018.0,
630121.0,大通回族土族自治县,西部,青海省,西宁市,2018.0,
630223.0,互助土族自治县,西部,青海省,海东市,2018.0,
632221.0,门源回族自治县,西部,青海省,海北藏族自治州,2018.0,
632222.0,祁连县,西部,青海省,海北藏族自治州,2018.0,
632223.0,海晏县,西部,青海省,海北藏族自治州,2018.0,
632524.0,兴海县,西部,青海省,海南藏族自治州,2018.0,
632525.0,贵南县,西部,青海省,海南藏族自治州,2018.0,
632626.0,玛多县,西部,青海省,果洛藏族自治州,2018.0,
632701.0,玉树县,西部,青海省,玉树藏族自治州,2018.0,
632723.0,称多县,西部,青海省,玉树藏族自治州,2018.0,
630222.0,民和回族土族自治县,西部,青海省,海东市,2019.0,
630202.0,乐都县,西部,青海省,海东市,2019.0,
630224.0,化隆回族自治县,西部,青海省,海东市,2019.0,
632301.0,同仁县,西部,青海省,黄南藏族自治州,2019.0,
632322.0,尖扎县,西部,青海省,黄南藏族自治州,2019.0,
632323.0,泽库县,西部,青海省,黄南藏族自治州,2019.0,
632521.0,共和县,西部,青海省,海南藏族自治州,2019.0,
632523.0,贵德县,西部,青海省,海南藏族自治州,2019.0,
632621.0,玛沁县,西部,青海省,果洛藏族自治州,2019.0,
632622.0,班玛县,西部,青海省,果洛藏族自治州,2019.0,
632623.0,甘德县,西部,青海省,果洛藏族自治州,2019.0,
632624.0,达日县,西部,青海省,果洛藏族自治州,2019.0,
632625.0,久治县,西部,青海省,果洛藏族自治州,2019.0,
632722.0,杂多县,西部,青海省,玉树藏族自治州,2019.0,
632724.0,治多县,西部,青海省,玉树藏族自治州,2019.0,
632725.0,囊谦县,西部,青海省,玉树藏族自治州,2019.0,
632726.0,曲麻莱县,西部,青海省,玉树藏族自治州,2019.0,
630104.0,冷湖行委,西部,青海省,西宁市,2019.0,
632825.0,大柴旦行委,西部,青海省,海西蒙古族藏族自治州,2019.0,
632803.0,茫崖行委,西部,青海省,海西蒙古族藏族自治州,2019.0,
640323.0,盐池县,西部,宁夏回族自治区,吴忠市,2017.0,
640423.0,隆德县,西部,宁夏回族自治区,固原市,2018.0,
640424.0,泾源县,西部,宁夏回族自治区,固原市,2018.0,
640425.0,彭阳县,西部,宁夏回族自治区,固原市,2018.0,
640324.0,同心县,西部,宁夏回族自治区,吴忠市,2019.0,
640402.0,原州区,西部,宁夏回族自治区,固原市,2019.0,
640522.0,海原县,西部,宁夏回族自治区,中卫市,2019.0,
640422.0,西吉县,西部,宁夏回族自治区,固原市,2020.0,
653227.0,民丰县,西部,新疆维吾尔自治区,和田地区,2016.0,
650521.0,巴里坤哈萨克自治县,西部,新疆维吾尔自治区,哈密市,2016.0,
654022.0,察布查尔锡伯自治县,西部,新疆维吾尔自治区,伊犁哈萨克自治州,2016.0,
654224.0,托里县,西部,新疆维吾尔自治区,塔城地区,2016.0,
654325.0,青河县,西部,新疆维吾尔自治区,阿勒泰地区,2016.0,
654028.0,尼勒克县,西部,新疆维吾尔自治区,伊犁哈萨克自治州,2017.0,
654326.0,吉木乃县,西部,新疆维吾尔自治区,阿勒泰地区,2017.0,
653023.0,阿合奇县,西部,新疆维吾尔自治区,克孜勒苏柯尔克孜自治州,2018.0,
653024.0,乌恰县,西部,新疆维吾尔自治区,克孜勒苏柯尔克孜自治州,2018.0,
653124.0,泽普县,西部,新疆维吾尔自治区,喀什地区,2018.0,
653001.0,阿图什市,西部,新疆维吾尔自治区,克孜勒苏柯尔克孜自治州,2019.0,
653101.0,喀什市,西部,新疆维吾尔自治区,喀什地区,2019.0,
653121.0,疏附县,西部,新疆维吾尔自治区,喀什地区,2019.0,
653122.0,疏勒县,西部,新疆维吾尔自治区,喀什地区,2019.0,
653127.0,麦盖提县,西部,新疆维吾尔自治区,喀什地区,2019.0,
653128.0,岳普湖县,西部,新疆维吾尔自治区,喀什地区,2019.0,
653130.0,巴楚县,西部,新疆维吾尔自治区,喀什地区,2019.0,
653131.0,塔什库尔干塔吉克自治县,西部,新疆维吾尔自治区,喀什地区,2019.0,
653201.0,和田市,西部,新疆维吾尔自治区,和田地区,2019.0,
653221.0,和田县,西部,新疆维吾尔自治区,和田地区,2019.0,
652927.0,乌什县,西部,新疆维吾尔自治区,阿克苏地区,2019.0,
652929.0,柯坪县,西部,新疆维吾尔自治区,阿克苏地区,2019.0,
653022.0,阿克陶县,西部,新疆维吾尔自治区,克孜勒苏柯尔克孜自治州,2020.0,
653123.0,英吉沙县,西部,新疆维吾尔自治区,喀什地区,2020.0,
653125.0,莎车县,西部,新疆维吾尔自治区,喀什地区,2020.0,
653126.0,叶城县,西部,新疆维吾尔自治区,喀什地区,2020.0,
653129.0,伽师县,西部,新疆维吾尔自治区,喀什地区,2020.0,
653222.0,墨玉县,西部,新疆维吾尔自治区,和田地区,2020.0,
653223.0,皮山县,西部,新疆维吾尔自治区,和田地区,2020.0,
653224.0,洛浦县,西部,新疆维吾尔自治区,和田地区,2020.0,
653225.0,策勒县,西部,新疆维吾尔自治区,和田地区,2020.0,
653226.0,于田县,西部,新疆维吾尔自治区,和田地区,2020.0,
